Segment,Shipping Delay
Consumer,3.953691831963195
Corporate,3.994037202670296
Home Office,3.9731349673552394
