Year of Order,January,February,March,April,May,June,July,August,September,October,November,December
2011,98898.48886,91152.15698,145729.36736,116915.76418,146747.8361,215207.38022,115510.41912,207581.49122,290214.45534,199071.26404,298496.53752,333925.7346
2012,135780.72024,100510.21698,163076.77116,161052.26952,208364.89124,256175.69842,145236.78512,303142.94238,289389.16564,252939.8502,323512.4169,338256.9666
2013,199185.90738,167239.6504,198594.03012,177821.31684,260498.5647,396519.6119,229928.952,326488.78936,376619.24568,293406.64288,373989.3601,405454.37802
2014,241268.55566,184837.35556,263100.77262,242771.8613,288401.04614,401814.0631,258705.68048,456619.94236,481157.2437,422766.62916,555279.027,503143.69348
